"Path","Hash"
"C:\Users\Arthu\OneDrive\Desktop\DEV\PachydermAcoustic_Grasshopper2\Pachyderm_GH2\Ana_AssessDirect.cs","72BEF0ACF27286512FA2694E60AE3DE5D7E65BFD14D3DB28132965ACDB32AD08"
"C:\Users\Arthu\OneDrive\Desktop\DEV\PachydermAcoustic_Grasshopper2\Pachyderm_GH2\Ana_CenterTime.cs","233497FDB46F255DC9E00FC0F232BFA0B9DECC2A1FFD032DA26C9F738F4B027D"
"C:\Users\Arthu\OneDrive\Desktop\DEV\PachydermAcoustic_Grasshopper2\Pachyderm_GH2\Ana_Clarity.cs","DF20A5934716159562DB0673104FDB23249A0A7F75A818FA055BCE35801206D8"
"C:\Users\Arthu\OneDrive\Desktop\DEV\PachydermAcoustic_Grasshopper2\Pachyderm_GH2\Ana_Deutlich.cs","CA84935FFCB0499C103D3B03CA0DACB709B8B3E029EC7D8884D3B93CE7554FEF"
"C:\Users\Arthu\OneDrive\Desktop\DEV\PachydermAcoustic_Grasshopper2\Pachyderm_GH2\Ana_EDT.cs","8DAE45510EE57499013E9676E6597882749CE9C5E85D3D8F8CBBCE0B8C144629"
"C:\Users\Arthu\OneDrive\Desktop\DEV\PachydermAcoustic_Grasshopper2\Pachyderm_GH2\Ana_Eyring.cs","01939484276BA9CBBB3B52B5C7414EF70AD3F1A9AAAE52D7EE57CDD92B1CC127"
"C:\Users\Arthu\OneDrive\Desktop\DEV\PachydermAcoustic_Grasshopper2\Pachyderm_GH2\Ana_ITDG.cs","952249CDF20462D562CC55BDAB085BAC12AC5E3B6A3C8533F9DC7FF476B3E808"
"C:\Users\Arthu\OneDrive\Desktop\DEV\PachydermAcoustic_Grasshopper2\Pachyderm_GH2\Ana_LE.cs","03C87D20BA66A053A34408084DD84E91132EEBC5C579C0394622CA1CDAA918D0"
"C:\Users\Arthu\OneDrive\Desktop\DEV\PachydermAcoustic_Grasshopper2\Pachyderm_GH2\Ana_LF.cs","860A7E92D396C28AE8250E9211B3F621BB001AD9455BD03D9256F5C2A34F39D5"
"C:\Users\Arthu\OneDrive\Desktop\DEV\PachydermAcoustic_Grasshopper2\Pachyderm_GH2\Ana_Lombard - RT.cs","5FF03DFEE6240ACF799D9622398AE2465E08C460EBEF406B78792835E170DE81"
"C:\Users\Arthu\OneDrive\Desktop\DEV\PachydermAcoustic_Grasshopper2\Pachyderm_GH2\Ana_Lombard.cs","F2AA59A6246CD0B70B0469DE9FCA1EB349285AEBE04B14378E6F322E5ED7083C"
"C:\Users\Arthu\OneDrive\Desktop\DEV\PachydermAcoustic_Grasshopper2\Pachyderm_GH2\Ana_RT.cs","A8A18A0031E97032CA355AE9F6995BF5F6EDC9252F830B9F31AA200A9CDDD5C7"
"C:\Users\Arthu\OneDrive\Desktop\DEV\PachydermAcoustic_Grasshopper2\Pachyderm_GH2\Ana_Sabine.cs","C8E93580C55B852524094ED2E5A9BCF1BEDD23F440F00B97F27EEF15F94F0380"
"C:\Users\Arthu\OneDrive\Desktop\DEV\PachydermAcoustic_Grasshopper2\Pachyderm_GH2\Ana_SpeechTransmissionIndex.cs","195120856FB6C3608C117334D69F70AB965603598E876AEB64C20B4A5F60B484"
"C:\Users\Arthu\OneDrive\Desktop\DEV\PachydermAcoustic_Grasshopper2\Pachyderm_GH2\Ana_SPL.cs","2A3056E1DFB1225888417682B88864CFA56BD82BBA1800DB8919D0B58B77E977"
"C:\Users\Arthu\OneDrive\Desktop\DEV\PachydermAcoustic_Grasshopper2\Pachyderm_GH2\Ana_SPLA.cs","F9663246A42E691A593ACC0598F7DE1E871E894A6F538F61023A959027C38992"
"C:\Users\Arthu\OneDrive\Desktop\DEV\PachydermAcoustic_Grasshopper2\Pachyderm_GH2\Ana_Strength.cs","64092F7DE2B53179DE0218DEC69DE21B2740320F4F30435EA96393A5CD8F9EE8"
"C:\Users\Arthu\OneDrive\Desktop\DEV\PachydermAcoustic_Grasshopper2\Pachyderm_GH2\Aud_Convolution.cs","767606EB3599874E2ED1BB6FCDFDDE07DB1EFFE0C4A0571FF9EB78C9DEAD6D2A"
"C:\Users\Arthu\OneDrive\Desktop\DEV\PachydermAcoustic_Grasshopper2\Pachyderm_GH2\Aud_Fourier_Transform.cs","17F0BD9D0BEC0E666B8A9595D2F7419F453640196DF90BB0BA016C7078085C98"
"C:\Users\Arthu\OneDrive\Desktop\DEV\PachydermAcoustic_Grasshopper2\Pachyderm_GH2\Aud_MLS_Tail.cs","2A647AF6369E2D2269BAEA3FF064085D8267ED6DFE0ED988AAA6F700FD4D6D4B"
"C:\Users\Arthu\OneDrive\Desktop\DEV\PachydermAcoustic_Grasshopper2\Pachyderm_GH2\Aud_Objects.cs","F32914852858A2CA6C3BA1AA02F5A3F2B488D02ABF09E71818B153468D65D0BB"
"C:\Users\Arthu\OneDrive\Desktop\DEV\PachydermAcoustic_Grasshopper2\Pachyderm_GH2\Aud_OctFilter.cs","50684ECED093630658831DBE55E9CF531DE6B666D8C7F1BE4AA4473CBB58A7B3"
"C:\Users\Arthu\OneDrive\Desktop\DEV\PachydermAcoustic_Grasshopper2\Pachyderm_GH2\Aud_Play_Signal.cs","38DCC66E9CF987CF0B10A6E067856CA2D3E13F3DC7D752B734B79E428FA66EBC"
"C:\Users\Arthu\OneDrive\Desktop\DEV\PachydermAcoustic_Grasshopper2\Pachyderm_GH2\Aud_PlayContinuous.cs","A12E4CAD9C8D30FDA29D07113235551615582252283F8FB689C9409BE014ECDE"
"C:\Users\Arthu\OneDrive\Desktop\DEV\PachydermAcoustic_Grasshopper2\Pachyderm_GH2\Aud_Signal2Chunks.cs","B4B48C1137C6D350A25CD5E97B3CA73D86DD3AD5272BA0EE47B015FD25D402D2"
"C:\Users\Arthu\OneDrive\Desktop\DEV\PachydermAcoustic_Grasshopper2\Pachyderm_GH2\Aud_Signal2List.cs","2D9DA94B12077FD399AF44BFC4C2E1CF36A139C2B090E4DE2B100637C00B2F77"
"C:\Users\Arthu\OneDrive\Desktop\DEV\PachydermAcoustic_Grasshopper2\Pachyderm_GH2\Aud_Spectrum2List.cs","4651BC419EFC990F8DC10AD6796DB0F6E7F733999509870782EBF15113518C4F"
"C:\Users\Arthu\OneDrive\Desktop\DEV\PachydermAcoustic_Grasshopper2\Pachyderm_GH2\Aud_Unweave_Signal.cs","001033675DEB5E88405C1C93AC76093FC1E752A9677C43EB9ED538D7AEF9B535"
"C:\Users\Arthu\OneDrive\Desktop\DEV\PachydermAcoustic_Grasshopper2\Pachyderm_GH2\Aud_WaveFile_in.cs","B4C3CD0C185EB16A8D1D3F2923CA4BB9870A0FCAB4E5BD6C3A2E668577194C46"
"C:\Users\Arthu\OneDrive\Desktop\DEV\PachydermAcoustic_Grasshopper2\Pachyderm_GH2\Aud_WaveFile_out.cs","22BE701E45A79B4AD0556F016700EB3CABC11F986B4E0F975224BE4F4D7DCB79"
"C:\Users\Arthu\OneDrive\Desktop\DEV\PachydermAcoustic_Grasshopper2\Pachyderm_GH2\Env_Atmospheric_Properties.cs","D375BC4F15FC88D13E842836356066026DD13CEBA4DE58606E93ADAB1A8DD066"
"C:\Users\Arthu\OneDrive\Desktop\DEV\PachydermAcoustic_Grasshopper2\Pachyderm_GH2\Env_GeodesicSource_Component.cs","524EB4E7A545F1899001FA54FE5FED31D603603146138C4435FD0A49DAC5976C"
"C:\Users\Arthu\OneDrive\Desktop\DEV\PachydermAcoustic_Grasshopper2\Pachyderm_GH2\Env_LayerProps.cs","F811ED38DF47B4151885DCB5C51CD0EE2D1445C1ECBC1916EC091F9605ADB39D"
"C:\Users\Arthu\OneDrive\Desktop\DEV\PachydermAcoustic_Grasshopper2\Pachyderm_GH2\Env_Loudspeaker_Component.cs","9AA94BD124C43480125F8582BBBD637CEA527555AB8CE01487545520102F764C"
"C:\Users\Arthu\OneDrive\Desktop\DEV\PachydermAcoustic_Grasshopper2\Pachyderm_GH2\Env_NoiseCriteria.cs","9C51F3FF3247CAEA95788ECA397247B4BAF8AB35CC3B2F9953478A092BF1D986"
"C:\Users\Arthu\OneDrive\Desktop\DEV\PachydermAcoustic_Grasshopper2\Pachyderm_GH2\Env_NoiseRating.cs","CCCA625FDBBA42ABB03B9822CC40FC693ACCA4268CAAC9C0A493610F3466E04B"
"C:\Users\Arthu\OneDrive\Desktop\DEV\PachydermAcoustic_Grasshopper2\Pachyderm_GH2\Env_NURBS_Scene .cs","BB80CD421035F47E506274798C9A51A8B6317E321EA65F59498E4089F57CB8AE"
"C:\Users\Arthu\OneDrive\Desktop\DEV\PachydermAcoustic_Grasshopper2\Pachyderm_GH2\Env_Polygon_Scene.cs","06C14C55941C7E33FA2A4433C98BCFD6EDA0F38AEE423E0CD2E06252FE722DC9"
"C:\Users\Arthu\OneDrive\Desktop\DEV\PachydermAcoustic_Grasshopper2\Pachyderm_GH2\Env_RhinoSource.cs","0F325735812E6978688F539BEAF8B2914ADE7348EA1F545B2A7E647AA77FA98A"
"C:\Users\Arthu\OneDrive\Desktop\DEV\PachydermAcoustic_Grasshopper2\Pachyderm_GH2\Env_RoomCriteria.cs","B135109EF05A5E416A724C4A6817AD6EBBFBBB9CE4640D75719CAE56EC78F965"
"C:\Users\Arthu\OneDrive\Desktop\DEV\PachydermAcoustic_Grasshopper2\Pachyderm_GH2\Env_SourceCluster.cs","25B7CF248DB6DCA3C803EA6ACCAAC1EB74C29D2B5BABB1FCCB870BC932945FFB"
"C:\Users\Arthu\OneDrive\Desktop\DEV\PachydermAcoustic_Grasshopper2\Pachyderm_GH2\Env_StationaryReceiver_Component.cs","E6D81C0E9F441DF293F625E43F7727D89F93A99A67EFD2C3AE9A5A9C1FFFD99B"
"C:\Users\Arthu\OneDrive\Desktop\DEV\PachydermAcoustic_Grasshopper2\Pachyderm_GH2\Env_TrafficSource_Component.cs","C284D740EF3AED820C5E78290BA264C7447329B1F897A6202D177E6EA50183EC"
"C:\Users\Arthu\OneDrive\Desktop\DEV\PachydermAcoustic_Grasshopper2\Pachyderm_GH2\General Public License.txt","8CEB28E909192C8A6585A9DA8F7E5B888377A64119F69C43C7C5B525478C1728"
"C:\Users\Arthu\OneDrive\Desktop\DEV\PachydermAcoustic_Grasshopper2\Pachyderm_GH2\Mat_Airspace.cs","386FB6F6CF34956070980C75318469B207DB086C9F64100FD95242970B8AE5B2"
"C:\Users\Arthu\OneDrive\Desktop\DEV\PachydermAcoustic_Grasshopper2\Pachyderm_GH2\PachGH_AssemblyPriority.cs","214CE7F6DE53ED8FB0341464728A7EE4B68BBA42A4A8ABBEB1C6DC84840AFBB5"
"C:\Users\Arthu\OneDrive\Desktop\DEV\PachydermAcoustic_Grasshopper2\Pachyderm_GH2\Pachyderm_GH2Plugin.cs","B1CED91DD5FDDE8F248C337F0482414690A44AAD9C53678CB1ECD1438168321F"
"C:\Users\Arthu\OneDrive\Desktop\DEV\PachydermAcoustic_Grasshopper2\Pachyderm_GH2\Pachyderm_GH2PluginInfo.cs","AD4ECBAB3C6017252E6F801BF1C3BBFE0C1A6ECE8981395AC4B95300CBC60365"
"C:\Users\Arthu\OneDrive\Desktop\DEV\PachydermAcoustic_Grasshopper2\Pachyderm_GH2\PachydermGH2.csproj","7FE194F5E0AC1B7847A8E504AE5159BA651D7879BFBB9D1C3EEC72A1E5B772BC"
"C:\Users\Arthu\OneDrive\Desktop\DEV\PachydermAcoustic_Grasshopper2\Pachyderm_GH2\PachydermGH2.csproj.user","8E486DDA2E334C2009E8DDDF4860754E0B95E075C4DA95649A2EC94BF9D85D5E"
"C:\Users\Arthu\OneDrive\Desktop\DEV\PachydermAcoustic_Grasshopper2\Pachyderm_GH2\Sim_DirectField.cs","7122D713EC86104A0826366E461181F7B9D238FB7B0825E0C5D3B08393C209B8"
"C:\Users\Arthu\OneDrive\Desktop\DEV\PachydermAcoustic_Grasshopper2\Pachyderm_GH2\Sim_DirectSound.cs","DAB6E6B41FE2FC409D49AA928B0825C5BBCAB533F65655C0DE66B5E6D0B17F7D"
"C:\Users\Arthu\OneDrive\Desktop\DEV\PachydermAcoustic_Grasshopper2\Pachyderm_GH2\Sim_FDBEM.cs","8FB947F245589D8E7D23D4C509808E5771C171B22532A1F59D9F9CD31ACAC4A0"
"C:\Users\Arthu\OneDrive\Desktop\DEV\PachydermAcoustic_Grasshopper2\Pachyderm_GH2\Sim_FVM13.cs","9EF2C1A436718DE203CEABFEAFC45934C5B69D96315E6D195879271AF9A0F603"
"C:\Users\Arthu\OneDrive\Desktop\DEV\PachydermAcoustic_Grasshopper2\Pachyderm_GH2\Sim_Image_Source.cs","A56E72A0F109268FE6F45CCF2F7445ABF8AD06BF8BC0EBC2D4F1946F705BE9D2"
"C:\Users\Arthu\OneDrive\Desktop\DEV\PachydermAcoustic_Grasshopper2\Pachyderm_GH2\Sim_PachFile.cs","0CC06543A5534BA5239914F8BD6FD30EE38BFFD3641F162F1CFA632A396E5DD1"
"C:\Users\Arthu\OneDrive\Desktop\DEV\PachydermAcoustic_Grasshopper2\Pachyderm_GH2\Sim_RayTracing.cs","04C119A5FC87B4BADAEFE76091C4925BFBDFF5B5B4C26B7A967D6D4B76BB5E4C"
"C:\Users\Arthu\OneDrive\Desktop\DEV\PachydermAcoustic_Grasshopper2\Pachyderm_GH2\Sim_RhinoResult.cs","10499E26B7B4E8A432AC77F0B5AD1E0F61CAD2A49DC27F560F565BA44FDFAA51"
"C:\Users\Arthu\OneDrive\Desktop\DEV\PachydermAcoustic_Grasshopper2\Pachyderm_GH2\User_Feedback.cs","4F6B23D4028DDA3D2526D23F16C3AB5489E680C34391A7851DB9D80415F7FDDF"
"C:\Users\Arthu\OneDrive\Desktop\DEV\PachydermAcoustic_Grasshopper2\Pachyderm_GH2\Uti_AuralizationFilter_Ambisonic.cs","72F6E11BA500D0122D37274A9DBB855EBD2D3102EA4945FEF72B74BD573E83E7"
"C:\Users\Arthu\OneDrive\Desktop\DEV\PachydermAcoustic_Grasshopper2\Pachyderm_GH2\Uti_AuralizationFilter_Omni.cs","9FC7DAF7B48E6F54CF9AF3E6416292730C2DB2A1ADAF3CB0C40B45B343E01D18"
"C:\Users\Arthu\OneDrive\Desktop\DEV\PachydermAcoustic_Grasshopper2\Pachyderm_GH2\Uti_AuralizationFilter_Stereo .cs","1EF1FC65AB2C057FD664F207FF165C1346D25B229219EE81B0BC22CC2BB403CA"
"C:\Users\Arthu\OneDrive\Desktop\DEV\PachydermAcoustic_Grasshopper2\Pachyderm_GH2\Uti_EnergyTimeCurve.cs","FFF492D801A7FDF5A8A57A12B871B9880FFE170CE08042DF86DC58AF473DA054"
"C:\Users\Arthu\OneDrive\Desktop\DEV\PachydermAcoustic_Grasshopper2\Pachyderm_GH2\Uti_Measurement.cs","192CC4A7B425764F653E03DC25C313E181D6A3F59D789C8E0F9C35913E931933"
"C:\Users\Arthu\OneDrive\Desktop\DEV\PachydermAcoustic_Grasshopper2\Pachyderm_GH2\Uti_PressureTimeCurve.cs","312A21AF480CC0D4C7DA40B6F35BE2A70F845890DBB297D621D0E44511DCE9BC"
"C:\Users\Arthu\OneDrive\Desktop\DEV\PachydermAcoustic_Grasshopper2\Pachyderm_GH2\Uti_PTC2ETC.cs","5B63990DA7DE348395B0585B10392E42A0980FF3D14CF73229FFE60C0C7F74DF"
"C:\Users\Arthu\OneDrive\Desktop\DEV\PachydermAcoustic_Grasshopper2\Pachyderm_GH2\Uti_Radiation_Absorption.cs","316D4F7A12DABFE7B9B76377F832E2F5EF8B2FA707F5CE81906EF74F6CB35A62"
"C:\Users\Arthu\OneDrive\Desktop\DEV\PachydermAcoustic_Grasshopper2\Pachyderm_GH2\Uti_Radiation_Impedance.cs","6E12746D1A1E4AA237530FBE9DC1F175E27DBFCCD8310D65A0D6E6FBD6F70F94"
"C:\Users\Arthu\OneDrive\Desktop\DEV\PachydermAcoustic_Grasshopper2\Pachyderm_GH2\Uti_RealPaToSPL.cs","001E8529B88B2CE12B6A607D15E55167D9FE9992B923C95221B079F5273C5C29"
"C:\Users\Arthu\OneDrive\Desktop\DEV\PachydermAcoustic_Grasshopper2\Pachyderm_GH2\Uti_SchroederCorrelation.cs","515F4C2736034A6AE415571F6A18DAA934E333FECDA2C2C2AD4E36357F44B7D7"
"C:\Users\Arthu\OneDrive\Desktop\DEV\PachydermAcoustic_Grasshopper2\Pachyderm_GH2\Uti_SignalCorrelation.cs","B0925ED649C6FA4759B40DEA7D332291800DC2B5B06DC56B9FC077E5C7883743"
"C:\Users\Arthu\OneDrive\Desktop\DEV\PachydermAcoustic_Grasshopper2\Pachyderm_GH2\Vis_False_Colour_Mesh.cs","21AA08D6BF9479CDF6B9186ED1F28A2631D33C0B16D23EA3F020C5B4D1A3F0A7"
"C:\Users\Arthu\OneDrive\Desktop\DEV\PachydermAcoustic_Grasshopper2\Pachyderm_GH2\Vis_FVM_CustomMesh.cs","85FA2924D8FA098B0280C541FFD1EBA17D938334665296A497435BE35F41D353"
"C:\Users\Arthu\OneDrive\Desktop\DEV\PachydermAcoustic_Grasshopper2\Pachyderm_GH2\Vis_RayShooter.cs","218B4EDE842125D54B0FF9690A8AE087DBA19A84AAB563AD54AF3B177868B0A6"
"C:\Users\Arthu\OneDrive\Desktop\DEV\PachydermAcoustic_Grasshopper2\Pachyderm_GH2\.vscode\launch.json","0744FDD7962651F0DB3857FCD653A505D3DE644B0C4378229D0F4F0EF5501039"
"C:\Users\Arthu\OneDrive\Desktop\DEV\PachydermAcoustic_Grasshopper2\Pachyderm_GH2\.vscode\tasks.json","424A65361AC8F0F31920BEAB24A193CD3B40DC91040B8D618DCB4BF6F138E96A"
"C:\Users\Arthu\OneDrive\Desktop\DEV\PachydermAcoustic_Grasshopper2\Pachyderm_GH2\Icons\Pachyderm_GH2Plugin.3dm","AE4D4C8755EF3549F5CDD24876C17A3BE5B38EF3FFC8974741003A2064585641"
"C:\Users\Arthu\OneDrive\Desktop\DEV\PachydermAcoustic_Grasshopper2\Pachyderm_GH2\Icons\Pachyderm_GH2Plugin.ghicon","8D911F3D98622E9436D913D3930826976204125CBFB5A3B34278372130B355BD"
"C:\Users\Arthu\OneDrive\Desktop\DEV\PachydermAcoustic_Grasshopper2\Pachyderm_GH2\Icons\PachydermGH2.3dm","8336FFADFBCA1B43B68D1C5234B6746D7C71A35D6B411F3FB7C9727280E66F05"
"C:\Users\Arthu\OneDrive\Desktop\DEV\PachydermAcoustic_Grasshopper2\Pachyderm_GH2\Icons\PachydermGH2.ghicon","1E9333538B4579EE4B595E3F8942C5F73AE2F31801E8FD08FB71C3223DF8511D"
"C:\Users\Arthu\OneDrive\Desktop\DEV\PachydermAcoustic_Grasshopper2\Pachyderm_GH2\Icons\plugin.ico","12423CD7758C6A6372C632B011BB0A2AE13BB39E8FC78C6BD23691FBF2412B83"
"C:\Users\Arthu\OneDrive\Desktop\DEV\PachydermAcoustic_Grasshopper2\Pachyderm_GH2\Properties\AssemblyInfo.cs","FF2C529CFB7D7A0B26AB2051F7F3C1481C8129B8EECC206527EBC7165DBFF031"
"C:\Users\Arthu\OneDrive\Desktop\DEV\PachydermAcoustic_Grasshopper2\Pachyderm_GH2\Properties\launchSettings.json","FC1CFE76CAA84D53AB312DA26FD57FF68F6ECD49EBDD966D33A2F31255822ACE"
"C:\Users\Arthu\OneDrive\Desktop\DEV\PachydermAcoustic_Grasshopper2\Pachyderm_GH2\Properties\Resources.Designer.cs","46A9C3A8F5D0C51EEE13C528B77A49F0BF51ED5CA3C985AC96D1912C75ECEA1F"
"C:\Users\Arthu\OneDrive\Desktop\DEV\PachydermAcoustic_Grasshopper2\Pachyderm_GH2\Properties\Resources.resx","1CDBC208027E3F764B0763A0A5B2282CEEEEF0CC6BFEFA91D56BB8092C09A401"
"C:\Users\Arthu\OneDrive\Desktop\DEV\PachydermAcoustic_Grasshopper2\Pachyderm_GH2\Resources\Auralization.png","3B2A6956E7945F7B87E521388E78EF7D31F6196B887BB0FAC22361199CEF6488"
"C:\Users\Arthu\OneDrive\Desktop\DEV\PachydermAcoustic_Grasshopper2\Pachyderm_GH2\Resources\Center Time.png","74CA03B9326AF67A14C3B6F616584A90206EFA959169A5127B120A3CFB98E213"
"C:\Users\Arthu\OneDrive\Desktop\DEV\PachydermAcoustic_Grasshopper2\Pachyderm_GH2\Resources\Clarity.png","33DEEE7B94CA369D2B82E8117D86554750D30DFA76CFD930177C25EF85521DAE"
"C:\Users\Arthu\OneDrive\Desktop\DEV\PachydermAcoustic_Grasshopper2\Pachyderm_GH2\Resources\Definition.png","11822EA8E8948823B2A9CF1CB86E007D8275BF389CA092ED570304F3D13FD7CF"
"C:\Users\Arthu\OneDrive\Desktop\DEV\PachydermAcoustic_Grasshopper2\Pachyderm_GH2\Resources\Delay Gap.png","A02DB35A810CC18FB114447CCAEC1317F078800CA5E3E7206D942773B41A7392"
"C:\Users\Arthu\OneDrive\Desktop\DEV\PachydermAcoustic_Grasshopper2\Pachyderm_GH2\Resources\Direct Sound.png","817AE47C3D0DF003B3C6DB7AF70AD54F727317D9B48DA3193A65914D0C223B8F"
"C:\Users\Arthu\OneDrive\Desktop\DEV\PachydermAcoustic_Grasshopper2\Pachyderm_GH2\Resources\Divide Signal.png","88876965A6F0D0B35D0BAE456B56A064B96F9415988B10FDEC0C0727C6867B1E"
"C:\Users\Arthu\OneDrive\Desktop\DEV\PachydermAcoustic_Grasshopper2\Pachyderm_GH2\Resources\EDT.png","1C4A377ACD69ABFEC212162B7411E76D480699A7FD9A9F2038E4C8C2BCB7AD0E"
"C:\Users\Arthu\OneDrive\Desktop\DEV\PachydermAcoustic_Grasshopper2\Pachyderm_GH2\Resources\Energy Time Curve.png","AB7B089FF375D9EA074D4F9B7CB730F8EC4C95C49062A27EF788D7200C588E65"
"C:\Users\Arthu\OneDrive\Desktop\DEV\PachydermAcoustic_Grasshopper2\Pachyderm_GH2\Resources\False Color Mesh Mapping.png","A90A4E21346351A96D42A2C378FC760F8132AEE2104C4A4F98486E1F920C07F1"
"C:\Users\Arthu\OneDrive\Desktop\DEV\PachydermAcoustic_Grasshopper2\Pachyderm_GH2\Resources\FFT.png","577A4883F5215EF638119DE31667C18E351173823B9C4FF151CE7B0E9A530CF3"
"C:\Users\Arthu\OneDrive\Desktop\DEV\PachydermAcoustic_Grasshopper2\Pachyderm_GH2\Resources\Filter Octave Band.png","DF15086F6F3D722056A05651409437C8FACD845D5ED10D6E7A8AF80A2F4CB4BD"
"C:\Users\Arthu\OneDrive\Desktop\DEV\PachydermAcoustic_Grasshopper2\Pachyderm_GH2\Resources\Geodesic Source.png","735F997BCD402DD3A99DDC81D0A8ECDBBCCC99038DC6BBEBF87B50966ED9082A"
"C:\Users\Arthu\OneDrive\Desktop\DEV\PachydermAcoustic_Grasshopper2\Pachyderm_GH2\Resources\Image Source.png","1900685307E8D2FEFB3383822436207929506D4E10CA83F563F5D8E031F583A9"
"C:\Users\Arthu\OneDrive\Desktop\DEV\PachydermAcoustic_Grasshopper2\Pachyderm_GH2\Resources\ITDG.bmp","5945898240CE38896D1A8929AF9C7DC93BA280954B1FFDA974CCEF3F0C7BBCA0"
"C:\Users\Arthu\OneDrive\Desktop\DEV\PachydermAcoustic_Grasshopper2\Pachyderm_GH2\Resources\LoudSpeaker.png","36AC1BA43DA375AE91E253128221364663F00772591845B51A886AD10F6C7630"
"C:\Users\Arthu\OneDrive\Desktop\DEV\PachydermAcoustic_Grasshopper2\Pachyderm_GH2\Resources\Medium Properties.png","8B5A12EC3FFB9D655636B580C3879F59FCBA967C8FC6FABDBB1F9E53D0E8A55C"
"C:\Users\Arthu\OneDrive\Desktop\DEV\PachydermAcoustic_Grasshopper2\Pachyderm_GH2\Resources\Microphone.png","C79DBB7CE18FDD120DC3C873CFA704263E0597F6188D49A5C982DA871D5816B8"
"C:\Users\Arthu\OneDrive\Desktop\DEV\PachydermAcoustic_Grasshopper2\Pachyderm_GH2\Resources\Nurb Scene.png","711977C0DC3FC81C3C62708043E6C014472D232EA51F4E8EBE325CD571C17FC0"
"C:\Users\Arthu\OneDrive\Desktop\DEV\PachydermAcoustic_Grasshopper2\Pachyderm_GH2\Resources\Pachyderm file.png","3D166FAF49C4723EA07F3C9CA92F73E6997230D388CE3E3AF8525B452991848B"
"C:\Users\Arthu\OneDrive\Desktop\DEV\PachydermAcoustic_Grasshopper2\Pachyderm_GH2\Resources\Pachyderm for Rhino result.png","1519513F351102EA8135F2B192B8DA1DB02E138103ABE98860270A607B680C09"
"C:\Users\Arthu\OneDrive\Desktop\DEV\PachydermAcoustic_Grasshopper2\Pachyderm_GH2\Resources\Patch-Direct.png","F7FB402C3AC725D257FB1C06209BA97E50A26E02EB0F705015AAD0B80FD49EC4"
"C:\Users\Arthu\OneDrive\Desktop\DEV\PachydermAcoustic_Grasshopper2\Pachyderm_GH2\Resources\Polygon Scene.png","CAC5978BDB3FDE21A0ADB5E7C0D47C90F85A6B9115F406D909F6F58D848E91DA"
"C:\Users\Arthu\OneDrive\Desktop\DEV\PachydermAcoustic_Grasshopper2\Pachyderm_GH2\Resources\Radiation Absorption.png","94E107DE22304FB1A776387EA8943E3657D50ECFC9A0FF1EDCD19AC8CEB31CAB"
"C:\Users\Arthu\OneDrive\Desktop\DEV\PachydermAcoustic_Grasshopper2\Pachyderm_GH2\Resources\Radiation Impedance.png","A5EDA2409D1EF318B29E0C4CADF5690225F5857A53FE05BB827460115BA31A1D"
"C:\Users\Arthu\OneDrive\Desktop\DEV\PachydermAcoustic_Grasshopper2\Pachyderm_GH2\Resources\Ray Tracing.png","589F89211299082EE70918F0CAE4F6EB59338A2943B8D0A708B4B1C2A0697D75"
"C:\Users\Arthu\OneDrive\Desktop\DEV\PachydermAcoustic_Grasshopper2\Pachyderm_GH2\Resources\Real Pressure to SPL.png","813BBEBA3F536F13066ACF4237952A2DB08364D88E97C1AC7F53B0461EDAB59D"
"C:\Users\Arthu\OneDrive\Desktop\DEV\PachydermAcoustic_Grasshopper2\Pachyderm_GH2\Resources\RT.png","21CC2CD0DBEC9B082F3138526C33603AB3D978A12A7453C300482F10B0EA98C6"
"C:\Users\Arthu\OneDrive\Desktop\DEV\PachydermAcoustic_Grasshopper2\Pachyderm_GH2\Resources\Signal to List.png","1C1A9F5A8EC181781B61E47D0B85A265DA857E61BD956CA7631AFAC2BDF37F8F"
"C:\Users\Arthu\OneDrive\Desktop\DEV\PachydermAcoustic_Grasshopper2\Pachyderm_GH2\Resources\Spectrum to List.png","663286AEB89BDFF65846761F2682A01B1830547808F478BB63C28C0115BABB40"
"C:\Users\Arthu\OneDrive\Desktop\DEV\PachydermAcoustic_Grasshopper2\Pachyderm_GH2\Resources\Speech Transmission Index 1.png","9B59B472D2ADC1A9D633F132CA48EB3A18B98C9073A1656D1C8A48CE81FCE6E6"
"C:\Users\Arthu\OneDrive\Desktop\DEV\PachydermAcoustic_Grasshopper2\Pachyderm_GH2\Resources\Speech Transmission Index 2.png","EE2012617E434B54B7C41A0204C4D839ED90D57379B8B6B8506673565B703A15"
"C:\Users\Arthu\OneDrive\Desktop\DEV\PachydermAcoustic_Grasshopper2\Pachyderm_GH2\Resources\SPL.png","AF5261547344312490AAE817E1E6FFEBEE178C2F06AFFB901170A9018A7318A3"
"C:\Users\Arthu\OneDrive\Desktop\DEV\PachydermAcoustic_Grasshopper2\Pachyderm_GH2\Resources\Strength.png","6C33E3047156C2E555895CA9CAF576E7C73F218E488EAA7CC56AC412B254C550"
"C:\Users\Arthu\OneDrive\Desktop\DEV\PachydermAcoustic_Grasshopper2\Pachyderm_GH2\Resources\Unweave Signal.png","1C25D86EB770CE63D75648A2BEAB91278D64B528D63D0F6884FBD85062EDEA30"
"C:\Users\Arthu\OneDrive\Desktop\DEV\PachydermAcoustic_Grasshopper2\Pachyderm_GH2\Resources\Visualization.png","EF2FBE38AF3C697A211782654CFF0A1937E6DFED8086C5FB5F2DC55E05988F17"
"C:\Users\Arthu\OneDrive\Desktop\DEV\PachydermAcoustic_Grasshopper2\Pachyderm_GH2\Resources\Wave File.png","F4A19625D86C4A7622FE6FC9189F54FAC51CF7D12EA70248487F8BD029527432"
